_id,created_at,updated_at,@context,@type,name,url,floorSize.@type,floorSize.value,floorSize.unitCode,address.@type,address.addressLocality,address.addressRegion,address.postalCode,geo.@type,geo.addressCountry,geo.latitude,geo.longitude,geo.postalCode,image,announce_detail.rooms,announce_detail.bead_rooms,announce_detail.bathroom,announce_detail.shower_room,announce_detail.price,announce_detail.price_m2,announce_detail.dpe,announce_detail.ges
6591b9016aea9bf2410bf0ef,2023-12-31 18:54:57.355,2023-12-31 18:54:57.355,https://schema.org,SingleFamilyResidence,appartement 21M2 à Nice (06),https://immobilier.lefigaro.fr/annonces/annonce-55772596.html,QuantitativeValue,21.0,MTK,PostalAddress,Nice (06),Alpes-Maritimes,F-06000,GeoCoordinates,France,43.71285,7.25387,F-06000,https://lh3.googleusercontent.com/70UIBW50821cuSn4kYZIGwjfgj9TX00-uMLtfLkQkFD8o-gIF0xtjpjdnOSBitNpczcCtK25BNHZ-v5-4M-jjZlm3eR5dBjMNcNuTy4=rj-w350-h264-l80,1,0,1,0,129000,6143,F,F
6591b90e6aea9bf2410bf0f0,2023-12-31 18:55:10.805,2023-12-31 18:55:10.805,https://schema.org,SingleFamilyResidence,appartement 50M2 à Nice (06),https://immobilier.lefigaro.fr/annonces/annonce-64096666.html,QuantitativeValue,50.0,MTK,PostalAddress,Nice (06),Alpes-Maritimes,F-06000,GeoCoordinates,France,43.719868,7.269635,F-06000,https://lh3.googleusercontent.com/Lk07fq_wfYqE2Y7a5u_PqUffd6nl2u0BaOvbn81NP01OsXsZn83n7PB1V88z1Pxt79znZ7QIVNkiPU00Xxm3IJRubOHQa6LnjYuQRA=rj-w350-h264-l80,2,1,0,1,205000,4100,D,B
6591b9126aea9bf2410bf0f1,2023-12-31 18:55:14.786,2023-12-31 18:55:14.786,https://schema.org,SingleFamilyResidence,appartement 27M2 à Nice (06),https://immobilier.lefigaro.fr/annonces/annonce-64096696.html,QuantitativeValue,27.0,MTK,PostalAddress,Nice (06),Alpes-Maritimes,F-06000,GeoCoordinates,France,43.701855,7.257853,F-06000,https://lh3.googleusercontent.com/YPe1H0W7TTX5maaxuZI_9HF48zG7NVc_37CMABwr85-USQeLrDqxlIRfm_GBa9rwiobeRQscfhqVSV08ghK3OjI00_CtezJjWVPU=rj-w350-h264-l80,1,1,0,1,129900,4811,F,E
6591b9166aea9bf2410bf0f2,2023-12-31 18:55:18.625,2023-12-31 18:55:18.625,https://schema.org,SingleFamilyResidence,appartement 21M2 à Nice (06),https://immobilier.lefigaro.fr/annonces/annonce-55772596.html,QuantitativeValue,21.0,MTK,PostalAddress,Nice (06),Alpes-Maritimes,F-06000,GeoCoordinates,France,43.71285,7.25387,F-06000,https://lh3.googleusercontent.com/70UIBW50821cuSn4kYZIGwjfgj9TX00-uMLtfLkQkFD8o-gIF0xtjpjdnOSBitNpczcCtK25BNHZ-v5-4M-jjZlm3eR5dBjMNcNuTy4=rj-w350-h264-l80,1,0,1,0,129000,6143,F,F
6591b91a6aea9bf2410bf0f3,2023-12-31 18:55:22.613,2023-12-31 18:55:22.613,https://schema.org,SingleFamilyResidence,appartement 50M2 à Nice (06),https://immobilier.lefigaro.fr/annonces/annonce-64096666.html,QuantitativeValue,50.0,MTK,PostalAddress,Nice (06),Alpes-Maritimes,F-06000,GeoCoordinates,France,43.719868,7.269635,F-06000,https://lh3.googleusercontent.com/Lk07fq_wfYqE2Y7a5u_PqUffd6nl2u0BaOvbn81NP01OsXsZn83n7PB1V88z1Pxt79znZ7QIVNkiPU00Xxm3IJRubOHQa6LnjYuQRA=rj-w350-h264-l80,2,1,0,1,205000,4100,D,B
6591b91e6aea9bf2410bf0f4,2023-12-31 18:55:26.501,2023-12-31 18:55:26.501,https://schema.org,SingleFamilyResidence,appartement 27M2 à Nice (06),https://immobilier.lefigaro.fr/annonces/annonce-64096696.html,QuantitativeValue,27.0,MTK,PostalAddress,Nice (06),Alpes-Maritimes,F-06000,GeoCoordinates,France,43.701855,7.257853,F-06000,https://lh3.googleusercontent.com/YPe1H0W7TTX5maaxuZI_9HF48zG7NVc_37CMABwr85-USQeLrDqxlIRfm_GBa9rwiobeRQscfhqVSV08ghK3OjI00_CtezJjWVPU=rj-w350-h264-l80,1,1,0,1,129900,4811,F,E
6591b92e6aea9bf2410bf0f5,2023-12-31 18:55:42.598,2023-12-31 18:55:42.598,https://schema.org,SingleFamilyResidence,appartement 41M2 à Nice (06),https://immobilier.lefigaro.fr/annonces/annonce-64799500.html,QuantitativeValue,41.0,MTK,PostalAddress,Nice (06),Alpes-Maritimes,F-06200,GeoCoordinates,France,43.689503,7.2407193,F-06200,https://lh3.googleusercontent.com/relkC_RJ87DL4QmIV1y-_yaQJ24bpQXm-vvgLrfiuUN9wkaJ9hwggRo_VK54BZjOYzBwp1KgMFFj3ltOFcmS6_jHYn9JN5VdaRnjF-w=rj-w350-h264-l80,2,1,1,0,230000,5610,E,E
6591b93e6aea9bf2410bf0f6,2023-12-31 18:55:58.591,2023-12-31 18:55:58.591,https://schema.org,SingleFamilyResidence,appartement 90.94M2 à Nice (06),https://immobilier.lefigaro.fr/annonces/annonce-64799502.html,QuantitativeValue,90.94000244140625,MTK,PostalAddress,Nice (06),Alpes-Maritimes,F-06000,GeoCoordinates,France,43.71306,7.281514,F-06000,https://lh3.googleusercontent.com/x1O3dJ8uUnjZlfcOghDdgWIS-nm-Hes_OHNKPVUZj-85-AYOfQdpSBJxFj2c3dEjBZdIvqmVgbiekx2ERt-5vb5kZjCXTXceVkiFgQ=rj-w350-h264-l80,4,3,1,0,295000,3244,C,D
6591b9436aea9bf2410bf0f7,2023-12-31 18:56:03.046,2023-12-31 18:56:03.046,https://schema.org,SingleFamilyResidence,appartement 99M2 à Nice (06),https://immobilier.lefigaro.fr/annonces/annonce-64798538.html,QuantitativeValue,99.0,MTK,PostalAddress,Nice (06),Alpes-Maritimes,F-06300,GeoCoordinates,France,43.7,7.25,F-06300,https://lh3.googleusercontent.com/rCiSXI080j-mFu1JoAArKaVOboef8mfJXJ6V-g3YgUEwTB7xdnhFcghFBdDRoksmBkCziOzLLl574f1SjSiUa1xcLLjEmMKxne9M=rj-w350-h264-l80,4,3,1,0,520000,5253,D,D
6591b9476aea9bf2410bf0f8,2023-12-31 18:56:07.126,2023-12-31 18:56:07.126,https://schema.org,SingleFamilyResidence,appartement 66.44M2 à Nice (06),https://immobilier.lefigaro.fr/annonces/annonce-64798532.html,QuantitativeValue,66.44000244140625,MTK,PostalAddress,Nice (06),Alpes-Maritimes,F-06000,GeoCoordinates,France,43.7,7.25,F-06000,https://lh3.googleusercontent.com/e2ovPjqUGrlkCWCQEEy8sgKEKrRBB9fIFghoRrWILNvvetOncp5lRZQRVVAfZImHFXAzgrtehNZUD4mlJTxKxiHYT8qKwvmhV71T0Q=rj-w350-h264-l80,4,2,0,1,165000,2483,D,C
6591b94b6aea9bf2410bf0f9,2023-12-31 18:56:11.215,2023-12-31 18:56:11.215,https://schema.org,SingleFamilyResidence,appartement 64.43M2 à Nice (06),https://immobilier.lefigaro.fr/annonces/annonce-64798536.html,QuantitativeValue,64.43000030517578,MTK,PostalAddress,Nice (06),Alpes-Maritimes,F-06200,GeoCoordinates,France,43.7,7.25,F-06200,https://lh3.googleusercontent.com/O9Atc1gdpm15lJ-eGrfUAN-NJoCClyYVPR3ZryNUK5NoU6A42a0GSfcM6jpW_aiPCWABs4H9RPyCr7IlYsB0rlLUZTNiFN3dw1bsnw=rj-w350-h264-l80,4,3,0,1,335000,5199,A,A
6591b94f6aea9bf2410bf0fa,2023-12-31 18:56:15.278,2023-12-31 18:56:15.278,https://schema.org,SingleFamilyResidence,appartement 45M2 à Nice (06),https://immobilier.lefigaro.fr/annonces/annonce-64798534.html,QuantitativeValue,45.0,MTK,PostalAddress,Nice (06),Alpes-Maritimes,F-06000,GeoCoordinates,France,43.7,7.25,F-06000,https://lh3.googleusercontent.com/uOuWD4KgLvkPeKk1wQEhAG1Yn2tzJuYFsFGBT_vDVWrD7qHpHF9XED_IG1un7nJn0lPDJMyz1SNiww34ZltXXfqohaWWcEjLOhP3=rj-w350-h264-l80,2,1,0,1,225000,5000,D,B
6591b9546aea9bf2410bf0fb,2023-12-31 18:56:20.154,2023-12-31 18:56:20.154,https://schema.org,SingleFamilyResidence,appartement 132.5M2 à Nice (06),https://immobilier.lefigaro.fr/annonces/annonce-64794832.html,QuantitativeValue,132.5,MTK,PostalAddress,Nice (06),Alpes-Maritimes,F-06000,GeoCoordinates,France,43.7,7.25,F-06000,https://lh3.googleusercontent.com/FiZM3kcuaqGUfYcRLNl1WToUfSjRtIM5pDfOsee-b4I53D0FTI3WMpXTLm5dVLlYALkqOiKF9eflUerdZwTcfLdvuYgdIiJkxsVTfg=rj-w350-h264-l80,4,3,0,1,899000,6785,C,E
6591b9586aea9bf2410bf0fc,2023-12-31 18:56:24.031,2023-12-31 18:56:24.031,https://schema.org,SingleFamilyResidence,appartement 50M2 à Nice (06),https://immobilier.lefigaro.fr/annonces/annonce-64793094.html,QuantitativeValue,50.0,MTK,PostalAddress,Nice (06),Alpes-Maritimes,F-06000,GeoCoordinates,France,43.7,7.25,F-06000,https://lh3.googleusercontent.com/KH5CstjmC_M-7FbwtZqFUsxh39DZcNiCgDk-P6jGwiDgWkydMQOaCYBKKfGoINAKJkfvrwslaT5aoya8rIK3X6yFc-K97gW2bFAi6Xc=rj-w350-h264-l80,2,1,0,0,290000,5800,A,A
6591b95a6aea9bf2410bf0fd,2023-12-31 18:56:26.003,2023-12-31 18:56:26.003,https://schema.org,SingleFamilyResidence,appartement 55.05M2 à Nice (06),https://proprietes.lefigaro.fr/annonces/appartement-alpes+maritimes-provence+alpes+cote+d+azur-france/64790006/,QuantitativeValue,55.04999923706055,MTK,PostalAddress,Nice (06),Alpes-Maritimes,F-06000,GeoCoordinates,France,43.70028,7.26522,F-06000,https://lh3.googleusercontent.com/N9X9BSm4_s5WqTC5i2q-zYJMgGgvxNW_BH9eXA1Xfq1qVvSSZAGQ2qnDCVJSy0Pk7rSy4IJ0DhZx4HF-DFp-LkOU2k6MG2r91nHY6A=rj-w350-h264-l80,0,0,0,0,0,0,F,F
6591b95e6aea9bf2410bf0fe,2023-12-31 18:56:30.989,2023-12-31 18:56:30.989,https://schema.org,SingleFamilyResidence,appartement 61M2 à Nice (06),https://immobilier.lefigaro.fr/annonces/annonce-64793088.html,QuantitativeValue,61.0,MTK,PostalAddress,Nice (06),Alpes-Maritimes,F-06000,GeoCoordinates,France,43.7,7.25,F-06000,https://lh3.googleusercontent.com/bvjvqKRlUHeoxZ5vKMxyCYmf2-OJhn9R9IWMx5eybT7pTO9hwkJz1iPQSugfGKlgF8Xl6gKCyzZ-rsDsgw8o7pFGLeocayE8yPo4d_Q=rj-w350-h264-l80,3,2,0,0,320000,5246,A,A
6591b9636aea9bf2410bf0ff,2023-12-31 18:56:35.040,2023-12-31 18:56:35.040,https://schema.org,SingleFamilyResidence,appartement 70.2M2 à Nice (06),https://immobilier.lefigaro.fr/annonces/annonce-64793110.html,QuantitativeValue,70.19999694824219,MTK,PostalAddress,Nice (06),Alpes-Maritimes,F-06000,GeoCoordinates,France,43.67052,7.216,F-06000,https://lh3.googleusercontent.com/oofqBZy0zie3GJ1qAeICILuUd1J1NMjZfOdhU_dHAe0YwCnZT6-v6q8WnnPCQNUXgnhLJOSSLgEnz8u_-pyplvhGEgqizFm8FIqyNgo=rj-w350-h264-l80,3,2,0,0,438000,6239,A,A
6591b9676aea9bf2410bf100,2023-12-31 18:56:39.128,2023-12-31 18:56:39.128,https://schema.org,SingleFamilyResidence,appartement 61M2 à Nice (06),https://immobilier.lefigaro.fr/annonces/annonce-64793138.html,QuantitativeValue,61.0,MTK,PostalAddress,Nice (06),Alpes-Maritimes,F-06000,GeoCoordinates,France,43.7,7.25,F-06000,https://lh3.googleusercontent.com/iWI7vkEgzAN_9ppEEupO48GvH5voan73LmT4vxFF0I2cyzCxyU2hLBGutFOlnHib_HdHgf-_Iqhm4oD04uyvgH5e_L5lKZ4tTwXs=rj-w350-h264-l80,3,2,0,0,295000,4836,A,A
6591b96c6aea9bf2410bf101,2023-12-31 18:56:44.106,2023-12-31 18:56:44.106,https://schema.org,SingleFamilyResidence,appartement 108.46M2 à Nice (06),https://proprietes.lefigaro.fr/annonces/appartement-alpes+maritimes-provence+alpes+cote+d+azur-france/64789248/,QuantitativeValue,108.45999908447266,MTK,PostalAddress,Nice (06),Alpes-Maritimes,F-06000,GeoCoordinates,France,43.70291,7.27162,F-06000,https://lh3.googleusercontent.com/OvsZxLtywL8fADXxBCpwqhNfjt1K38ydBmGiLikgfYws38gYkXZ-nVdy_NcjWLpnaEzseHfc-bzxQqtifnKtRRLwvOEeX9SDJlZpCw=rj-w350-h264-l80,0,0,0,0,0,0,F,F
6591b97e6aea9bf2410bf102,2023-12-31 18:57:02.293,2023-12-31 18:57:02.293,https://schema.org,SingleFamilyResidence,appartement 82.15M2 à Nice (06),https://immobilier.lefigaro.fr/annonces/annonce-62556116.html,QuantitativeValue,82.1500015258789,MTK,PostalAddress,Nice (06),Alpes-Maritimes,F-06100,GeoCoordinates,France,43.71649,7.25972,F-06100,https://lh3.googleusercontent.com/iXwfK8PBI04HM22dcbAIdPuVEN4_-DpchdF23Ghmb6zwX_H5OLm5xDe5ItlXatAxpFQA9M9qfgLoO9GUnkxDIfVEL8w6hzWWC-b8=rj-w350-h264-l80,4,3,0,0,549000,6683,C,A
6591b9856aea9bf2410bf103,2023-12-31 18:57:09.095,2023-12-31 18:57:09.095,https://schema.org,SingleFamilyResidence,appartement 66M2 à Nice (06),https://immobilier.lefigaro.fr/annonces/annonce-64174892.html,QuantitativeValue,66.0,MTK,PostalAddress,Nice (06),Alpes-Maritimes,F-06300,GeoCoordinates,France,43.69279,7.2932963,F-06300,https://lh3.googleusercontent.com/3dkeds-PKhN2xLkgM2FeuKob2a7si-m686b6IbSLSGWHWp5ewhwgs94LhYzCm4zkNjGXyHaa2VNvM-SIe6EJKYXwFStlMPybX0UXrVg=rj-w350-h264-l80,2,1,1,0,378000,5727,F,C
6591b98a6aea9bf2410bf104,2023-12-31 18:57:14.992,2023-12-31 18:57:14.992,https://schema.org,SingleFamilyResidence,appartement 66.87M2 à Nice (06),https://immobilier.lefigaro.fr/annonces/annonce-56970692.html,QuantitativeValue,66.87000274658203,MTK,PostalAddress,Nice (06),Alpes-Maritimes,F-06200,GeoCoordinates,France,43.7,7.25,F-06200,https://lh3.googleusercontent.com/A350CsuyxLUgAvOAWgdC-ekjDXnHqyHB1pV5BIAcTRrjyntigXxLC10kbcuqT0bFr5RTMvJg8I7J3K8MQbhg1M4689xq628dgwtK=rj-w350-h264-l80,3,2,1,0,399990,5982,D,C
6591b98d6aea9bf2410bf105,2023-12-31 18:57:17.329,2023-12-31 18:57:17.329,https://schema.org,SingleFamilyResidence,appartement 75.75M2 à Nice (06),https://proprietes.lefigaro.fr/annonces/appartement-alpes+maritimes-provence+alpes+cote+d+azur-france/64789246/,QuantitativeValue,75.75,MTK,PostalAddress,Nice (06),Alpes-Maritimes,F-06000,GeoCoordinates,France,43.70698,7.25554,F-06000,https://lh3.googleusercontent.com/874mUFhFmDY1nZiWlEAh5TzGjqflMqCPG0Yr8EIrIukL6QeMrQrTUnppMQHnFjWqN5U94M_mmYwJfPDlD9IQ54zfOmLL9uQ7nzSM=rj-w350-h264-l80,0,0,0,0,0,0,F,F
6591b9936aea9bf2410bf106,2023-12-31 18:57:23.000,2023-12-31 18:57:23.000,https://schema.org,SingleFamilyResidence,appartement 76.53M2 à Nice (06),https://immobilier.lefigaro.fr/annonces/annonce-64793152.html,QuantitativeValue,76.52999877929688,MTK,PostalAddress,Nice (06),Alpes-Maritimes,F-06000,GeoCoordinates,France,43.67235,7.20893,F-06000,https://lh3.googleusercontent.com/8WDiinw9pfx1E5nTQfnXVuMDfHGDNW1xJGi0YWSn48CkjEaP_O0953vnYYp-ssN617ra8uskRuragEOXDo2vv4beK8pUUMXYVFqr5Q=rj-w350-h264-l80,4,3,0,0,344000,4495,A,A
6591b9976aea9bf2410bf107,2023-12-31 18:57:27.813,2023-12-31 18:57:27.813,https://schema.org,SingleFamilyResidence,appartement 75M2 à Nice (06),https://immobilier.lefigaro.fr/annonces/annonce-64793180.html,QuantitativeValue,75.0,MTK,PostalAddress,Nice (06),Alpes-Maritimes,F-06000,GeoCoordinates,France,43.7,7.25,F-06000,https://lh3.googleusercontent.com/dW6dyBDpeRkN70KlJZ4X2waqk3hfs5Z8zn4W8R0sbfqnGeL4Cineyu7CHWGIIbk__LYHC2YGeCgcHqO2YnFQGfRzzj41vfZAL7B9=rj-w350-h264-l80,4,3,0,0,480000,6400,A,A
6591b99d6aea9bf2410bf108,2023-12-31 18:57:33.781,2023-12-31 18:57:33.781,https://schema.org,SingleFamilyResidence,appartement 46M2 à Nice (06),https://immobilier.lefigaro.fr/annonces/annonce-64793206.html,QuantitativeValue,46.0,MTK,PostalAddress,Nice (06),Alpes-Maritimes,F-06200,GeoCoordinates,France,43.72513,7.21757,F-06200,https://lh3.googleusercontent.com/ehNjnafdTKOi-hTZxO6ay7W2QoAqtIG9XAoZXXKonTLvnSSON00IZ6AwWYwM2QmAvUiOo0ojOT49JA8YWlO2GbyalIMiP6IXCRR43Hk=rj-w350-h264-l80,2,1,0,0,308000,6696,A,A
6591b99f6aea9bf2410bf109,2023-12-31 18:57:35.882,2023-12-31 18:57:35.882,https://schema.org,SingleFamilyResidence,appartement 82.69M2 à Nice (06),https://proprietes.lefigaro.fr/annonces/appartement-alpes+maritimes-provence+alpes+cote+d+azur-france/64789240/,QuantitativeValue,82.69000244140625,MTK,PostalAddress,Nice (06),Alpes-Maritimes,F-06000,GeoCoordinates,France,43.71053,7.27493,F-06000,https://lh3.googleusercontent.com/PpUaajBttofldbqIAPf-5Hg_kan0fxsV_My0d-lpwT6kXan4Y4VJohA_n_iejYOmFD4q_MIpwpP-HHNhrLxXZSUaz9O9LgzcchpPSec=rj-w350-h264-l80,0,0,0,0,0,0,F,F
6591b9a36aea9bf2410bf10a,2023-12-31 18:57:39.010,2023-12-31 18:57:39.010,https://schema.org,SingleFamilyResidence,appartement 82M2 à Nice (06),https://proprietes.lefigaro.fr/annonces/appartement-alpes+maritimes-provence+alpes+cote+d+azur-france/64562534/,QuantitativeValue,82.0,MTK,PostalAddress,Nice (06),Alpes-Maritimes,F-06000,GeoCoordinates,France,43.69606,7.26233,F-06000,https://lh3.googleusercontent.com/FyYIE2EmgPp2rozFs3-CGQOpVAmcy6jD2GOFy_HNM13Lmrqf3PeVNS-Kc9rOeh-p5EUxE4cAiUpjWjxc4RgzS00VAZSJbjyRA4TiWtc=rj-w350-h264-l80,0,0,0,0,0,0,F,F
6591b9a76aea9bf2410bf10b,2023-12-31 18:57:43.765,2023-12-31 18:57:43.765,https://schema.org,SingleFamilyResidence,appartement 39M2 à Nice (06),https://immobilier.lefigaro.fr/annonces/annonce-64793442.html,QuantitativeValue,39.0,MTK,PostalAddress,Nice (06),Alpes-Maritimes,F-06000,GeoCoordinates,France,43.7,7.25,F-06000,https://lh3.googleusercontent.com/WLvJyGcnDrGAQIC43ovbPCAk5avNL55BtkruadBssTVHXK54d7J86-u1wG8ahB3cRbhxXsTFhGKiZAHSK3VuUxuNOgDgqrhiUxx4=rj-w350-h264-l80,2,0,0,0,215000,5513,A,A
6591b9ac6aea9bf2410bf10c,2023-12-31 18:57:48.331,2023-12-31 18:57:48.331,https://schema.org,SingleFamilyResidence,appartement 39M2 à Nice (06),https://immobilier.lefigaro.fr/annonces/annonce-64793456.html,QuantitativeValue,39.0,MTK,PostalAddress,Nice (06),Alpes-Maritimes,F-06000,GeoCoordinates,France,43.96294,6.51153,F-06000,https://lh3.googleusercontent.com/uUftrCn4_arkRVspfV5y25Z7oOw-8vMkuA0DHIPhc32xAmW_UQLY_-8oCoNTKCGvtSDorraCg7s058dUljFJBMhTzfXmBIC9IkyTj9g=rj-w350-h264-l80,3,1,0,0,240000,6154,A,A
6591b9b36aea9bf2410bf10d,2023-12-31 18:57:55.552,2023-12-31 18:57:55.552,https://schema.org,SingleFamilyResidence,appartement 75M2 à Nice (06),https://immobilier.lefigaro.fr/annonces/annonce-64794066.html,QuantitativeValue,75.0,MTK,PostalAddress,Nice (06),Alpes-Maritimes,F-06000,GeoCoordinates,France,43.7,7.25,F-06000,https://lh3.googleusercontent.com/QMNAaH-idI2EEq6mhkZhBBUHvAUxcEssZ8QT63ZfxaTzQAzMBpXECGwzBFWJYJkjCM9BqQVbEmt5Yd40t8i1O6863D86xU74LSuEFw=rj-w350-h264-l80,3,2,0,0,714000,9520,A,A
6591b9b86aea9bf2410bf10e,2023-12-31 18:58:00.081,2023-12-31 18:58:00.081,https://schema.org,SingleFamilyResidence,appartement 70M2 à Nice (06),https://immobilier.lefigaro.fr/annonces/annonce-64794098.html,QuantitativeValue,70.0,MTK,PostalAddress,Nice (06),Alpes-Maritimes,F-06000,GeoCoordinates,France,43.7,7.25,F-06000,https://lh3.googleusercontent.com/JxafMYkmfGEnCl9axhCha0CdMhZac4Incr28e34LlWyCEADzXUB5G7tYVUuHveG5Ri8rrvRDZDuFRswzNhVKH__JniCS5WUV0-A9YQ=rj-w350-h264-l80,3,0,0,0,398000,5686,A,A
6591b9bd6aea9bf2410bf10f,2023-12-31 18:58:05.012,2023-12-31 18:58:05.012,https://schema.org,SingleFamilyResidence,appartement 43.7M2 à Nice (06),https://immobilier.lefigaro.fr/annonces/annonce-64792098.html,QuantitativeValue,43.70000076293945,MTK,PostalAddress,Nice (06),Alpes-Maritimes,F-06000,GeoCoordinates,France,43.72222,7.28326,F-06000,https://lh3.googleusercontent.com/NLgy9L6A-ZgmpqokGmzpjMz0Zy_C-HHoMioBHjl55QDi3eQCFtnZMK2ESVlVo2K0U-6bOKP89DUF7_wsMtj1vcEuuJOOny1IXfdE=rj-w350-h264-l80,2,1,0,0,250000,5721,A,A
6591b9c26aea9bf2410bf110,2023-12-31 18:58:10.149,2023-12-31 18:58:10.149,https://schema.org,SingleFamilyResidence,appartement 100M2 à Nice (06),https://immobilier.lefigaro.fr/annonces/annonce-64789686.html,QuantitativeValue,100.0,MTK,PostalAddress,Nice (06),Alpes-Maritimes,F-06000,GeoCoordinates,France,43.7,7.25,F-06000,https://lh3.googleusercontent.com/gW4LZyeNB31t_7SACUV4pYF57TP31xhTU2NUzpbvX0bWbHfzxY_l_o1DxkBGm2eIFbdWsp9qhRNaYtOfRlpmFwjpFXbd-De1XtLj=rj-w350-h264-l80,4,3,1,1,699000,6990,B,B
6591b9c66aea9bf2410bf111,2023-12-31 18:58:14.466,2023-12-31 18:58:14.466,https://schema.org,SingleFamilyResidence,appartement 76M2 à Nice (06),https://immobilier.lefigaro.fr/annonces/annonce-64782556.html,QuantitativeValue,76.0,MTK,PostalAddress,Nice (06),Alpes-Maritimes,F-06300,GeoCoordinates,France,43.708748,7.287641,F-06300,https://lh3.googleusercontent.com/zTZ6ouBy8MjSJHJdp1Vv_Wf3kIX0F8CyOpl32-yDAEjCR9nAHz0vGiSaJBNF7kNNi986ZiPCvLI9sowmC6Fq_zvgBiquZmcDwIsqPw=rj-w350-h264-l80,4,3,1,0,280000,3684,E,B
6591b9cb6aea9bf2410bf112,2023-12-31 18:58:19.084,2023-12-31 18:58:19.084,https://schema.org,SingleFamilyResidence,appartement 74M2 à Nice (06),https://immobilier.lefigaro.fr/annonces/annonce-64781234.html,QuantitativeValue,74.0,MTK,PostalAddress,Nice (06),Alpes-Maritimes,F-06000,GeoCoordinates,France,43.7,7.25,F-06000,https://lh3.googleusercontent.com/z1x0Lz3HafmKepw962YPk-dsbIwaOad6uDjTCi7iz8nmObwHBTSIWcVzSOp2M0uOANJyBFxZeDxT3TLE1F8OXApwfc3qeSogNKItuA=rj-w350-h264-l80,4,3,1,0,186000,2514,D,D
6591b9cf6aea9bf2410bf113,2023-12-31 18:58:23.815,2023-12-31 18:58:23.815,https://schema.org,SingleFamilyResidence,appartement 23M2 à Nice (06),https://immobilier.lefigaro.fr/annonces/annonce-64785650.html,QuantitativeValue,23.0,MTK,PostalAddress,Nice (06),Alpes-Maritimes,F-06300,GeoCoordinates,France,43.71621,7.29274,F-06300,https://lh3.googleusercontent.com/DY6r6YqdWAxVx-VeDay2i4KpxlsPSsjax3EcgCIP4KjjTRoSJFyJvx7EwQ657lUnvqzUKwe8IYqd_ZfhWF6es9xEmZaxZoh6PmLHxIo=rj-w350-h264-l80,1,0,0,0,188000,8174,F,F
6591b9d46aea9bf2410bf114,2023-12-31 18:58:28.296,2023-12-31 18:58:28.296,https://schema.org,SingleFamilyResidence,appartement 28M2 à Nice (06),https://immobilier.lefigaro.fr/annonces/annonce-64793032.html,QuantitativeValue,28.0,MTK,PostalAddress,Nice (06),Alpes-Maritimes,F-06000,GeoCoordinates,France,43.7,7.25,F-06000,https://lh3.googleusercontent.com/3N7V1RtDPSo-Z_heIp609j37M8cO_TESAolq4kfVorUaUbUMU8S0BpJ72iZMAIqeW4qL24OW0kVPnDlP5_CV_z6lA2fKARdOfAgW=rj-w350-h264-l80,1,1,0,0,350000,12500,A,A
6591b9d66aea9bf2410bf115,2023-12-31 18:58:30.631,2023-12-31 18:58:30.631,https://schema.org,SingleFamilyResidence,appartement 115M2 à Nice (06),https://proprietes.lefigaro.fr/annonces/appartement-alpes+maritimes-provence+alpes+cote+d+azur-france/64789232/,QuantitativeValue,115.0,MTK,PostalAddress,Nice (06),Alpes-Maritimes,F-06000,GeoCoordinates,France,43.71285,7.25387,F-06000,https://lh3.googleusercontent.com/RLOp8ftXR7sPxZ-ub1TR6xjmlrSa8Hgf1gYOhY_vpWV3DpoHOJjWGaC8jwn71XKepTKld-YD2exrkbmQwt7qvnkhYaBqELUXKrNTig=rj-w350-h264-l80,0,0,0,0,0,0,F,F
6591b9dc6aea9bf2410bf116,2023-12-31 18:58:36.110,2023-12-31 18:58:36.110,https://schema.org,SingleFamilyResidence,appartement 70M2 à Nice (06),https://immobilier.lefigaro.fr/annonces/annonce-64783292.html,QuantitativeValue,70.0,MTK,PostalAddress,Nice (06),Alpes-Maritimes,F-06300,GeoCoordinates,France,43.7,7.25,F-06300,https://lh3.googleusercontent.com/9D65hGNu4mJlsO5_o2ZHYmNCgMUgBg_SgKMvOjkGDUHA3eXMKjQOgw6FEPhNWZOYKGS4o3xDk-dBgixCMcGElt3_JBH1cYsyuudO1Q=rj-w350-h264-l80,3,2,1,1,414000,5914,B,B
6591b9e16aea9bf2410bf117,2023-12-31 18:58:41.086,2023-12-31 18:58:41.086,https://schema.org,SingleFamilyResidence,appartement 60M2 à Nice (06),https://immobilier.lefigaro.fr/annonces/annonce-64783286.html,QuantitativeValue,60.0,MTK,PostalAddress,Nice (06),Alpes-Maritimes,F-06100,GeoCoordinates,France,43.7,7.25,F-06100,https://lh3.googleusercontent.com/U0rf7G6CMp4smK5IIiJz4sFN44LE1xyMUI7x9ucv6Af1K1FkPz9-QjWhwqu8df254QdUQbo1agIXP4bT_PXSxEPgDgwxs4bFyWa7LRU=rj-w350-h264-l80,3,2,1,1,410000,6833,B,B
6591b9e66aea9bf2410bf118,2023-12-31 18:58:46.603,2023-12-31 18:58:46.603,https://schema.org,SingleFamilyResidence,appartement 75M2 à Nice (06),https://immobilier.lefigaro.fr/annonces/annonce-64783304.html,QuantitativeValue,75.0,MTK,PostalAddress,Nice (06),Alpes-Maritimes,F-06300,GeoCoordinates,France,43.7,7.25,F-06300,https://lh3.googleusercontent.com/-ly_OfL3VGb4eBQ8_2xw9xCs5Pkfbsvl7EV7Nl-2rb_GT_VpjQxdDSPtNG3xGZYlcygf_BOu5mdy47rAZNBOfA4NjsyYOVoD6AqQ=rj-w350-h264-l80,3,2,1,1,435000,5800,B,B
6591b9e86aea9bf2410bf119,2023-12-31 18:58:48.903,2023-12-31 18:58:48.903,https://schema.org,SingleFamilyResidence,appartement 83M2 à Nice (06),https://proprietes.lefigaro.fr/annonces/appartement-alpes+maritimes-provence+alpes+cote+d+azur-france/64789224/,QuantitativeValue,83.0,MTK,PostalAddress,Nice (06),Alpes-Maritimes,F-06000,GeoCoordinates,France,43.71294,7.27199,F-06000,https://lh3.googleusercontent.com/in56mv45e_cmYz7rh1KWVR5p7DVJRjEsCa03Q4c_lGf4kuLVrf8x5M0CEnMAIhF3ltApi5YtPGjuO08g14Yo3JDAsxGUCVWw_yiE1zc=rj-w350-h264-l80,0,0,0,0,0,0,F,F
6591b9f66aea9bf2410bf11a,2023-12-31 18:59:02.551,2023-12-31 18:59:02.551,https://schema.org,SingleFamilyResidence,appartement 86.42M2 à Nice (06),https://immobilier.lefigaro.fr/annonces/annonce-62072870.html,QuantitativeValue,86.41999816894531,MTK,PostalAddress,Nice (06),Alpes-Maritimes,F-06300,GeoCoordinates,France,43.69039,7.29424,F-06300,https://lh3.googleusercontent.com/OOk7Xii76uLgkE6laZMp_LpvnNARQF5GIoVWWmIoDScfqbVFIATm6wrqmfzyO4kDy77AxtoKhsDNt9iREAydM9FZtt33XosZKgz9=rj-w350-h264-l80,3,2,0,1,725000,8389,D,D
6591b9fc6aea9bf2410bf11b,2023-12-31 18:59:08.039,2023-12-31 18:59:08.039,https://schema.org,SingleFamilyResidence,appartement 19.2M2 à Nice (06),https://immobilier.lefigaro.fr/annonces/annonce-63723630.html,QuantitativeValue,19.200000762939453,MTK,PostalAddress,Nice (06),Alpes-Maritimes,F-06200,GeoCoordinates,France,43.67515,7.22721,F-06200,https://lh3.googleusercontent.com/Kb_YjTVUj128eR0wg5dYcnGqXC1zEnFo2C0F73hM3d2elQdbAL16ucjMPFx-Se7_KnjqnZx7TL230RkZlqzlc4hsATE_KSO6FaCJ9Q=rj-w350-h264-l80,1,0,0,0,112846,5877,A,A
6591ba0b6aea9bf2410bf11c,2023-12-31 18:59:23.344,2023-12-31 18:59:23.344,https://schema.org,SingleFamilyResidence,appartement 80M2 à Nice (06),https://immobilier.lefigaro.fr/annonces/annonce-64150798.html,QuantitativeValue,80.0,MTK,PostalAddress,Nice (06),Alpes-Maritimes,F-06000,GeoCoordinates,France,43.7,7.25,F-06000,https://lh3.googleusercontent.com/jdL7960mun4gRNTGTqx5s6OaSAEweGHZazVtt2fB1aJ8onYHvWsg3bDKLObyyuej7T1fugcSEsITxZS1k-98FPSq_LWJhJdWs1EUsqY=rj-w350-h264-l80,4,0,0,1,1025000,12813,F,F
6591ba0d6aea9bf2410bf11d,2023-12-31 18:59:25.252,2023-12-31 18:59:25.252,https://schema.org,SingleFamilyResidence,appartement 142M2 à Nice (06),https://proprietes.lefigaro.fr/annonces/appartement-alpes+maritimes-provence+alpes+cote+d+azur-france/64789230/,QuantitativeValue,142.0,MTK,PostalAddress,Nice (06),Alpes-Maritimes,F-06000,GeoCoordinates,France,43.68123,7.23203,F-06000,https://lh3.googleusercontent.com/VzkmKEaQAOyKTdVOygfFbqcEnjcTCRZDCVkfy4DQGpNkVN8SvE4K8rsefGI9v8Ocy5nTGXoxFvzawpNLXFmwmSRmd6KLbc8dC7UX=rj-w350-h264-l80,0,0,0,0,0,0,F,F
6591ba116aea9bf2410bf11e,2023-12-31 18:59:29.888,2023-12-31 18:59:29.888,https://schema.org,SingleFamilyResidence,appartement 75M2 à Nice (06),https://immobilier.lefigaro.fr/annonces/annonce-64783340.html,QuantitativeValue,75.0,MTK,PostalAddress,Nice (06),Alpes-Maritimes,F-06000,GeoCoordinates,France,43.7,7.25,F-06000,https://lh3.googleusercontent.com/586Zy8FWqW87xHoJ4YkVxsQSFc5YWa8Y7M5_24-t5SbF4vZGGyaot59PoTwLhyHabyXP7K-qzcqPXqwAXe9dNdSeyz_QWs8baFreKSY=rj-w350-h264-l80,3,2,0,0,578000,7707,B,B
6591ba156aea9bf2410bf11f,2023-12-31 18:59:33.874,2023-12-31 18:59:33.874,https://schema.org,SingleFamilyResidence,appartement 60M2 à Nice (06),https://immobilier.lefigaro.fr/annonces/annonce-64783358.html,QuantitativeValue,60.0,MTK,PostalAddress,Nice (06),Alpes-Maritimes,F-06300,GeoCoordinates,France,43.7,7.25,F-06300,https://lh3.googleusercontent.com/z24Gqbw-B8Y2kGL60UVEtUnNRR-_qDP49rM6jdZ0-pTEheckLO-BuFgNriKlwNzxvRlhkUFa5HJwJoLyMadxv2n3emCzlbXFNfl2_A=rj-w350-h264-l80,3,2,0,1,350000,5833,B,B
6591ba196aea9bf2410bf120,2023-12-31 18:59:37.878,2023-12-31 18:59:37.878,https://schema.org,SingleFamilyResidence,appartement 65M2 à Nice (06),https://immobilier.lefigaro.fr/annonces/annonce-64783372.html,QuantitativeValue,65.0,MTK,PostalAddress,Nice (06),Alpes-Maritimes,F-06300,GeoCoordinates,France,43.7,7.25,F-06300,https://lh3.googleusercontent.com/nR8NtM6QcZMuSG3k0gq6VTyFSYONHoE05QjUdycXNKZRlFXmbjjMKLmOFyzHP1-xaH_e0LdiJeJqUSe3Y8deeyRGafoA5pmYaVMu=rj-w350-h264-l80,3,2,0,1,395000,6077,B,B
6591ba1f6aea9bf2410bf121,2023-12-31 18:59:43.245,2023-12-31 18:59:43.245,https://schema.org,SingleFamilyResidence,appartement 115M2 à Nice (06),https://proprietes.lefigaro.fr/annonces/appartement-alpes+maritimes-provence+alpes+cote+d+azur-france/64789212/,QuantitativeValue,115.0,MTK,PostalAddress,Nice (06),Alpes-Maritimes,F-06000,GeoCoordinates,France,43.71285,7.25387,F-06000,https://lh3.googleusercontent.com/fsMZuojnWvDLwPR_55pEfOBJhUdUFt0FVbcRWxOcFkm8-JLL6iCGlqPSi58nuqvNtFZiGrbR16myJGJQelQ_DAkWE1le6sRknTPCEA=rj-w350-h264-l80,0,0,0,0,0,0,F,F
6591ba236aea9bf2410bf122,2023-12-31 18:59:47.197,2023-12-31 18:59:47.197,https://schema.org,SingleFamilyResidence,appartement 90M2 à Nice (06),https://proprietes.lefigaro.fr/annonces/appartement-alpes+maritimes-provence+alpes+cote+d+azur-france/61370398/,QuantitativeValue,90.0,MTK,PostalAddress,Nice (06),Alpes-Maritimes,F-06300,GeoCoordinates,France,43.7,7.25,F-06300,https://lh3.googleusercontent.com/JRmLXXtmXoOhLvNraFeZEvwkEbqvnJPjC3YyHFp6tcA5m8z1FiJjSKQSa2ge2oIr3wZWHRd87zWM3YxcTKQ20Gp39XbLTMHVmOa5Kg=rj-w350-h264-l80,0,0,0,0,0,0,F,F
6591ba276aea9bf2410bf123,2023-12-31 18:59:51.225,2023-12-31 18:59:51.225,https://schema.org,SingleFamilyResidence,appartement 50M2 à Nice (06),https://immobilier.lefigaro.fr/annonces/annonce-64783374.html,QuantitativeValue,50.0,MTK,PostalAddress,Nice (06),Alpes-Maritimes,F-06000,GeoCoordinates,France,43.7,7.25,F-06000,https://lh3.googleusercontent.com/cl0Cj0sw--lRLVCi216l998vaLWGtwor9BQjqiG5-ghbSySmvF9GsxxxIlV_9JSFvSrORjqYh_8kwxh2bvfYoeYz9COS8KDF9ON58dk=rj-w350-h264-l80,2,1,0,1,395000,7900,B,B
6591ba2b6aea9bf2410bf124,2023-12-31 18:59:55.194,2023-12-31 18:59:55.194,https://schema.org,SingleFamilyResidence,appartement 85M2 à Nice (06),https://immobilier.lefigaro.fr/annonces/annonce-64783382.html,QuantitativeValue,85.0,MTK,PostalAddress,Nice (06),Alpes-Maritimes,F-06000,GeoCoordinates,France,43.7,7.25,F-06000,https://lh3.googleusercontent.com/VWiiAYDzFLk4E2pTEuyHR0Ak7qYGWT2Q1PX5U6b0nXTlgVKNVfgua35Rke9_WRsJlaVrJllJru4SiQSbaQgR5T-qczhOgg9afjrp=rj-w350-h264-l80,4,3,1,1,395000,4647,B,B
6591ba2d6aea9bf2410bf125,2023-12-31 18:59:57.189,2023-12-31 18:59:57.189,https://schema.org,SingleFamilyResidence,appartement 123M2 à Nice (06),https://proprietes.lefigaro.fr/annonces/appartement-alpes+maritimes-provence+alpes+cote+d+azur-france/64789214/,QuantitativeValue,123.0,MTK,PostalAddress,Nice (06),Alpes-Maritimes,F-06000,GeoCoordinates,France,43.69821,7.25315,F-06000,https://lh3.googleusercontent.com/28NGnv3OPgz9F_k9Mtdrk2wDcXCdbaurCuuV6D5_os9-racktNI65yui6E2SiK2mzH_KQLg85v2feWXA_WBBsIAAf7Mny5qiCTtNCkA=rj-w350-h264-l80,0,0,0,0,0,0,F,F
6591ba316aea9bf2410bf126,2023-12-31 19:00:01.715,2023-12-31 19:00:01.715,https://schema.org,SingleFamilyResidence,appartement 40M2 à Nice (06),https://immobilier.lefigaro.fr/annonces/annonce-64783492.html,QuantitativeValue,40.0,MTK,PostalAddress,Nice (06),Alpes-Maritimes,F-06000,GeoCoordinates,France,43.7,7.25,F-06000,https://lh3.googleusercontent.com/93A5VhZDIKvaXRTnIVp6Ku9N8a3sxBomjpwIEW9HNJdobMxFm-jeGIL-WMHo0I74-g-amOdrKEVwWZZ624pOuWNcC2ybKDhG2MfFkOA=rj-w350-h264-l80,2,1,0,1,309000,7725,B,B
6591ba496aea9bf2410bf127,2023-12-31 19:00:25.043,2023-12-31 19:00:25.043,https://schema.org,SingleFamilyResidence,appartement 110M2 à Nice (06),https://immobilier.lefigaro.fr/annonces/annonce-64783512.html,QuantitativeValue,110.0,MTK,PostalAddress,Nice (06),Alpes-Maritimes,F-06000,GeoCoordinates,France,43.7,7.25,F-06000,https://lh3.googleusercontent.com/sr0XDMbg4bFOoThX2oUqgPdUJCaF9Oa2dVaSIRqrPA2n9VkKYdR3Wv8xrCPNVGhUEVc2UaihBgZ66owBDah6G4YDHP29O-pjP1TTGk8=rj-w350-h264-l80,4,3,1,1,699000,6355,B,B
6591ba4e6aea9bf2410bf128,2023-12-31 19:00:30.726,2023-12-31 19:00:30.726,https://schema.org,SingleFamilyResidence,appartement 80M2 à Nice (06),https://immobilier.lefigaro.fr/annonces/annonce-64777742.html,QuantitativeValue,80.0,MTK,PostalAddress,Nice (06),Alpes-Maritimes,F-06000,GeoCoordinates,France,43.7,7.25,F-06000,https://lh3.googleusercontent.com/rTD-6V4TtRGBtwVYYNlHTAPJI_W3m6D9g3rS78L6Yc5PlnT7gvJOGk99n4vHyU520-MAYx91YeSFmQObZ0flt27u2eUeEDgNDaG4Pw=rj-w350-h264-l80,4,3,1,0,359000,4488,B,B
6591ba536aea9bf2410bf129,2023-12-31 19:00:35.622,2023-12-31 19:00:35.622,https://schema.org,SingleFamilyResidence,appartement 110M2 à Nice (06),https://immobilier.lefigaro.fr/annonces/annonce-64777752.html,QuantitativeValue,110.0,MTK,PostalAddress,Nice (06),Alpes-Maritimes,F-06200,GeoCoordinates,France,43.7,7.25,F-06200,https://lh3.googleusercontent.com/3I2ceKJcS9EFnX0PYFxeAhmdMmAz9zMnqzJol426voE39Nf2HW7QqQN-KcoAWjhx2mzfAOjZQRU2fYStWwT8R5SO4uU_o06yO8z4mw=rj-w350-h264-l80,4,3,0,0,977000,8882,B,B
6591ba646aea9bf2410bf12a,2023-12-31 19:00:52.840,2023-12-31 19:00:52.840,https://schema.org,SingleFamilyResidence,appartement 65M2 à Nice (06),https://immobilier.lefigaro.fr/annonces/annonce-64777780.html,QuantitativeValue,65.0,MTK,PostalAddress,Nice (06),Alpes-Maritimes,F-06100,GeoCoordinates,France,43.7,7.25,F-06100,https://lh3.googleusercontent.com/N-wUjkQDq10i3Um2A4JDvdUqR0unln-ujpTs0Y4gAkAh3hV8ErL281eS8x8gTsKb35Htes7nwVZim8OCjLbwYfOXtwp0QPBnhQLf9rM=rj-w350-h264-l80,3,2,0,1,439000,6754,B,B
6591ba6c6aea9bf2410bf12b,2023-12-31 19:01:00.555,2023-12-31 19:01:00.555,https://schema.org,SingleFamilyResidence,appartement 60M2 à Nice (06),https://immobilier.lefigaro.fr/annonces/annonce-64777782.html,QuantitativeValue,60.0,MTK,PostalAddress,Nice (06),Alpes-Maritimes,F-06000,GeoCoordinates,France,43.7,7.25,F-06000,https://lh3.googleusercontent.com/V7KZ0p0fEmDnYd1LttXgfSa89DW-9SN7lpy_UoTEQiyhEtOv5Ic2lUuCcvA1VxyzRFzbS3T2I0bY0r4uno1shciGpqFWODdeppDl=rj-w350-h264-l80,3,2,0,0,439000,7317,B,B
6591ba706aea9bf2410bf12c,2023-12-31 19:01:04.540,2023-12-31 19:01:04.540,https://schema.org,SingleFamilyResidence,appartement 60M2 à Nice (06),https://immobilier.lefigaro.fr/annonces/annonce-64777778.html,QuantitativeValue,60.0,MTK,PostalAddress,Nice (06),Alpes-Maritimes,F-06300,GeoCoordinates,France,43.7,7.25,F-06300,https://lh3.googleusercontent.com/cb3Jkcda5FAQcLPMkic7WrnYnglSt0PQRpFTVOya68JdoJZNCnJHJN12zl4w8vM5Iv0iFzUTgUmfcygz6fvE_4Nt2IiX5drJumsT9A=rj-w350-h264-l80,3,2,1,0,419000,6983,B,B
6591ba746aea9bf2410bf12d,2023-12-31 19:01:08.657,2023-12-31 19:01:08.657,https://schema.org,SingleFamilyResidence,appartement 76M2 à Nice (06),https://immobilier.lefigaro.fr/annonces/annonce-64772766.html,QuantitativeValue,76.0,MTK,PostalAddress,Nice (06),Alpes-Maritimes,F-06000,GeoCoordinates,France,43.7,7.25,F-06000,https://lh3.googleusercontent.com/Uyc0vlvgYRC1gMJvx-fzq5H5P-0_8WAOzF_gZyt4UbHQAt4dLAKl_kKJs9V7tVnxGz8PkLQQ4C1l2AYRb9Eqc1RJdL7OTCv1P6G-RA=rj-w350-h264-l80,4,2,0,0,408000,5368,D,D
6591ba786aea9bf2410bf12e,2023-12-31 19:01:12.686,2023-12-31 19:01:12.686,https://schema.org,SingleFamilyResidence,appartement 45.71M2 à Nice (06),https://immobilier.lefigaro.fr/annonces/annonce-64770450.html,QuantitativeValue,45.709999084472656,MTK,PostalAddress,Nice (06),Alpes-Maritimes,F-06200,GeoCoordinates,France,43.7,7.25,F-06200,https://lh3.googleusercontent.com/eKRLCzOmOTqqIbNxgtb_o_m_nzMCu16-8H81BkVgdy7O3yjsLSSTEAzsCIEhn70yNy50bhjgJcR6qSElW0w6qWDNFue2QVARG7-D=rj-w350-h264-l80,2,1,0,1,189000,4135,C,D
6591ba7a6aea9bf2410bf12f,2023-12-31 19:01:14.691,2023-12-31 19:01:14.691,https://schema.org,SingleFamilyResidence,appartement 132M2 à Nice (06),https://proprietes.lefigaro.fr/annonces/appartement-alpes+maritimes-provence+alpes+cote+d+azur-france/64789218/,QuantitativeValue,132.0,MTK,PostalAddress,Nice (06),Alpes-Maritimes,F-06000,GeoCoordinates,France,43.71557,7.27761,F-06000,https://lh3.googleusercontent.com/qxqbmmaV-8bxfaq9aN5BgPGdAk7NDAkNiGTs7QkFtUyoms4-bPHXER0uVzFpU_SQn6WMsqAyLRzv_ghXzakSW7M_eZvoWGNZfhNERp4=rj-w350-h264-l80,0,0,0,0,0,0,F,F
6591ba7f6aea9bf2410bf130,2023-12-31 19:01:19.332,2023-12-31 19:01:19.332,https://schema.org,SingleFamilyResidence,appartement 119.02M2 à Nice (06),https://immobilier.lefigaro.fr/annonces/annonce-64770412.html,QuantitativeValue,119.0199966430664,MTK,PostalAddress,Nice (06),Alpes-Maritimes,F-06000,GeoCoordinates,France,43.7,7.25,F-06000,https://lh3.googleusercontent.com/8jAnjVi6RJ1uX4Ka7ZZ_UVUVdX3VcFEOkTLeUJ9rRfGeX98PxeIEXKoIxkAgwKVvqyfsBgK-Mz55P9lPQOhAl3xzxcwyyOHTDBB-fw=rj-w350-h264-l80,4,3,0,0,1395000,11721,D,C
6591ba856aea9bf2410bf131,2023-12-31 19:01:25.354,2023-12-31 19:01:25.354,https://schema.org,SingleFamilyResidence,appartement 76M2 à Nice (06),https://immobilier.lefigaro.fr/annonces/annonce-64766750.html,QuantitativeValue,76.0,MTK,PostalAddress,Nice (06),Alpes-Maritimes,F-06088,GeoCoordinates,France,43.70396,7.25722,F-06088,https://lh3.googleusercontent.com/VMQsMFPR0s7A5-MN42uw85N39k1noV36ur-yZcrWPNhbHGEIw39Jall3qio0GCNJB0N422TlAM6QEuXKK0Cq-du-fcaprcsZPQMeF0I=rj-w350-h264-l80,4,0,0,0,344000,4526,A,A
6591ba896aea9bf2410bf132,2023-12-31 19:01:29.576,2023-12-31 19:01:29.576,https://schema.org,SingleFamilyResidence,appartement 70M2 à Nice (06),https://immobilier.lefigaro.fr/annonces/annonce-64766676.html,QuantitativeValue,70.0,MTK,PostalAddress,Nice (06),Alpes-Maritimes,F-06000,GeoCoordinates,France,43.71285,7.25387,F-06000,https://lh3.googleusercontent.com/h59-OPQkjR6f_XTMUkKOvRGXHO0XdSC24Fcz7XEIqsF9rGmoquBZIBTQjkEA07CQj9s1UjwLeRVLAiWb9tbIX4B7iNgc7OJrzBI1oHc=rj-w350-h264-l80,3,0,0,0,438000,6257,A,A
6591ba8b6aea9bf2410bf133,2023-12-31 19:01:31.629,2023-12-31 19:01:31.629,https://schema.org,SingleFamilyResidence,appartement 90.02M2 à Nice (06),https://proprietes.lefigaro.fr/annonces/appartement-alpes+maritimes-provence+alpes+cote+d+azur-france/64789220/,QuantitativeValue,90.0199966430664,MTK,PostalAddress,Nice (06),Alpes-Maritimes,F-06300,GeoCoordinates,France,43.69605,7.29721,F-06300,https://lh3.googleusercontent.com/vYGFU8xzlvo9SncON_N4QDEAkUwEygBZOb_KAAzDNe-veHdWoHNcHXqTpB_CrQv7VL80_xR_JhY7mTDUb6dfIF6VmiVuSWSVoK21RA=rj-w350-h264-l80,0,0,0,0,0,0,F,F
6591ba9f6aea9bf2410bf134,2023-12-31 19:01:51.039,2023-12-31 19:01:51.039,https://schema.org,SingleFamilyResidence,appartement 61.41M2 à Nice (06),https://immobilier.lefigaro.fr/annonces/annonce-57183454.html,QuantitativeValue,61.40999984741211,MTK,PostalAddress,Nice (06),Alpes-Maritimes,F-06200,GeoCoordinates,France,43.67803,7.20764,F-06200,https://lh3.googleusercontent.com/EW2Zt39lsl_Itk3blS8MS0bGEG5EigkQQxCCClwM4qHhQRsjmba4xY1iF-fL7YtaRJg1VCZl93f05DgabsS_eBPDYiesQY_8Aa7H=rj-w350-h264-l80,2,1,1,0,226000,3680,D,D
6591bab16aea9bf2410bf135,2023-12-31 19:02:09.775,2023-12-31 19:02:09.775,https://schema.org,SingleFamilyResidence,appartement 26M2 à Nice (06),https://immobilier.lefigaro.fr/annonces/annonce-63689066.html,QuantitativeValue,26.0,MTK,PostalAddress,Nice (06),Alpes-Maritimes,F-06000,GeoCoordinates,France,43.69729,7.26506,F-06000,https://lh3.googleusercontent.com/LKZX-oz1zR_LwFb7n9yvLH-wdr7Yvx9jP-bfiLVllCZE_vZ_xiVK7mUwRumNx2J2MwsXWPbQKeRS7tvwMODccZR2LuDKDXHcwjPL=rj-w350-h264-l80,2,0,0,0,279000,10731,C,A
6591bab56aea9bf2410bf136,2023-12-31 19:02:13.968,2023-12-31 19:02:13.968,https://schema.org,SingleFamilyResidence,appartement 80M2 à Nice (06),https://immobilier.lefigaro.fr/annonces/annonce-64258658.html,QuantitativeValue,80.0,MTK,PostalAddress,Nice (06),Alpes-Maritimes,F-06000,GeoCoordinates,France,43.719837,7.282698,F-06000,https://lh3.googleusercontent.com/qZ03zsTcyq_3SEJcm6qF-eXZqLSdd0FhlCJXPxsl2Ugtrh55ScUjQOToTCa8a39YNKBMXclWl5YrncCpNoUMh6ap6Iy2CDa7ZB55KQ=rj-w350-h264-l80,3,2,1,1,245000,3063,D,B
6591bab86aea9bf2410bf137,2023-12-31 19:02:16.588,2023-12-31 19:02:16.588,https://schema.org,SingleFamilyResidence,appartement 187M2 à Nice (06),https://proprietes.lefigaro.fr/annonces/appartement-alpes+maritimes-provence+alpes+cote+d+azur-france/64789216/,QuantitativeValue,187.0,MTK,PostalAddress,Nice (06),Alpes-Maritimes,F-06000,GeoCoordinates,France,43.70198,7.26732,F-06000,https://lh3.googleusercontent.com/SsgPbP1wtGXSyMyXEwOUAqqM7li04Nj5csHR6BVIe9IjdoJCLojwDxYRBgYXff3zZIZEjN2qY1i1jhlEyVGl2D3l7QqtHzRiLFSlgw=rj-w350-h264-l80,0,0,0,0,0,0,F,F
6591bac86aea9bf2410bf138,2023-12-31 19:02:32.061,2023-12-31 19:02:32.061,https://schema.org,SingleFamilyResidence,appartement 72.16M2 à Nice (06),https://immobilier.lefigaro.fr/annonces/annonce-64765680.html,QuantitativeValue,72.16000366210938,MTK,PostalAddress,Nice (06),Alpes-Maritimes,F-06000,GeoCoordinates,France,43.70569,7.28552,F-06000,https://lh3.googleusercontent.com/jepp-ojAYHktZIGMCGzkKXj8HLdlAMMbYH0IcJfeEThSBUD-T6JcAIfm6dlEq5JBgvgJztu0jLGzki2Ub2Q6KXqrwHjmzVZ4netQo9g=rj-w350-h264-l80,3,2,0,0,870000,12057,A,A
6591bacc6aea9bf2410bf139,2023-12-31 19:02:36.346,2023-12-31 19:02:36.346,https://schema.org,SingleFamilyResidence,appartement 97.4M2 à Nice (06),https://immobilier.lefigaro.fr/annonces/annonce-64765554.html,QuantitativeValue,97.4000015258789,MTK,PostalAddress,Nice (06),Alpes-Maritimes,F-06000,GeoCoordinates,France,43.70569,7.28552,F-06000,https://lh3.googleusercontent.com/rM1Rj1btAzh1OsBYin0TlkUQakXwplxpTrS_Opueg0cUiuKUrBkD0wMBcbf3vjAc17cC2yY1oTr3X0YaFYky5jo1yIk0qEdJNNw7Mg=rj-w350-h264-l80,4,3,0,0,1250000,12834,A,A
6591bad06aea9bf2410bf13a,2023-12-31 19:02:40.559,2023-12-31 19:02:40.559,https://schema.org,SingleFamilyResidence,appartement 86M2 à Nice (06),https://immobilier.lefigaro.fr/annonces/annonce-64765426.html,QuantitativeValue,86.0,MTK,PostalAddress,Nice (06),Alpes-Maritimes,F-06000,GeoCoordinates,France,43.69221,7.24831,F-06000,https://lh3.googleusercontent.com/HRqJ3Lkqg_ASrJpMwBivix-XAjv_GxJFYiyAhqByIReCyc07Z2G5Yu79ShUIYXETt37ECC7JQ8Xi0P7R85w7YW2-PLMcATEZ_1FGhA=rj-w350-h264-l80,5,0,0,0,595000,6919,F,F
6591bad26aea9bf2410bf13b,2023-12-31 19:02:42.502,2023-12-31 19:02:42.502,https://schema.org,SingleFamilyResidence,appartement 67.12M2 à Nice (06),https://proprietes.lefigaro.fr/annonces/appartement-alpes+maritimes-provence+alpes+cote+d+azur-france/64659386/,QuantitativeValue,67.12000274658203,MTK,PostalAddress,Nice (06),Alpes-Maritimes,F-06100,GeoCoordinates,France,43.71282,7.26281,F-06100,https://lh3.googleusercontent.com/_C_XuVnnJuwfxvWhVDb5xegBhUgJYA2X_dEVOB-1xWigAbqdsHWtk1GoEhjWIe2QBvXwmFILOBh8ttFZppdNOUhEakMUxEKILp4Dhw=rj-w350-h264-l80,0,0,0,0,0,0,F,F
6591bad56aea9bf2410bf13c,2023-12-31 19:02:45.342,2023-12-31 19:02:45.342,https://schema.org,SingleFamilyResidence,appartement 86.35M2 à Nice (06),https://proprietes.lefigaro.fr/annonces/appartement-alpes+maritimes-provence+alpes+cote+d+azur-france/62192592/,QuantitativeValue,86.3499984741211,MTK,PostalAddress,Nice (06),Alpes-Maritimes,F-06000,GeoCoordinates,France,43.70611,7.27633,F-06000,https://lh3.googleusercontent.com/cPudRQJjA9aFw1zDtmxRYBkY5y200jlvvL84pbSkMU-2Fbrcf14qLbXtQhF_4iACMvJBAHlh5J1L_o6JXUnMeoESVNW0RYNvNMTS2g=rj-w350-h264-l80,0,0,0,0,0,0,F,F
6591bad96aea9bf2410bf13d,2023-12-31 19:02:49.414,2023-12-31 19:02:49.414,https://schema.org,SingleFamilyResidence,appartement 32.4M2 à Nice (06),https://immobilier.lefigaro.fr/annonces/annonce-64760764.html,QuantitativeValue,32.400001525878906,MTK,PostalAddress,Nice (06),Alpes-Maritimes,F-06000,GeoCoordinates,France,43.7,7.25,F-06000,https://lh3.googleusercontent.com/9MuH8Dd6NvDzjBWi35UgjD8zTt72iSU8QgCmMoK1Vc3d55gIifbyBBIy2xHif9VhFpXsAseSEA9aUFksQe0y6FWpWrmMEcWa38tw=rj-w350-h264-l80,2,1,0,1,326000,10062,F,F
6591badd6aea9bf2410bf13e,2023-12-31 19:02:53.575,2023-12-31 19:02:53.575,https://schema.org,SingleFamilyResidence,appartement 28.01M2 à Nice (06),https://immobilier.lefigaro.fr/annonces/annonce-64760766.html,QuantitativeValue,28.010000228881836,MTK,PostalAddress,Nice (06),Alpes-Maritimes,F-06000,GeoCoordinates,France,43.7,7.25,F-06000,https://lh3.googleusercontent.com/ETbIjKHwfw-Griw34-uO-XoVrHWcdlJgIlMIpZN-XwqCVYk97PWyCJ5CmP__rpVqbPK6hItsEWVTlVl9N-_2rQUrLA8qnM7p6KVPew=rj-w350-h264-l80,2,1,0,1,289000,10318,F,F
6591bae06aea9bf2410bf13f,2023-12-31 19:02:56.008,2023-12-31 19:02:56.008,https://schema.org,SingleFamilyResidence,appartement 135M2 à Nice (06),https://proprietes.lefigaro.fr/annonces/appartement-alpes+maritimes-provence+alpes+cote+d+azur-france/64646778/,QuantitativeValue,135.0,MTK,PostalAddress,Nice (06),Alpes-Maritimes,F-06200,GeoCoordinates,France,43.71285,7.25387,F-06200,https://lh3.googleusercontent.com/auuuQ1gZFJq_aBrT0GZ22fU3n-_7iIqNVIkVosJYVDfFjvFXGSaAmd4tu4Hdfp7hDy4eJw0WFb097wdNo4icRHwkxF15DLuJyzCjqg=rj-w350-h264-l80,0,0,0,0,0,0,F,F
6591bae56aea9bf2410bf140,2023-12-31 19:03:01.531,2023-12-31 19:03:01.531,https://schema.org,SingleFamilyResidence,appartement 32.5M2 à Nice (06),https://immobilier.lefigaro.fr/annonces/annonce-64760168.html,QuantitativeValue,32.5,MTK,PostalAddress,Nice (06),Alpes-Maritimes,F-06200,GeoCoordinates,France,43.7,7.25,F-06200,https://lh3.googleusercontent.com/VKzx4rj8NJQJAZB57U2YNSGSrqhQKLRxgbLZXKAYJPJvvbsQOxrKK5_W6eQLGeNpiGQOvMfjmX1fIsnh-bXGXvfAJ0nzXH7dk9MTpjA=rj-w350-h264-l80,1,0,1,0,121000,3723,F,F
6591baef6aea9bf2410bf141,2023-12-31 19:03:11.888,2023-12-31 19:03:11.888,https://schema.org,SingleFamilyResidence,appartement 63M2 à Nice (06),https://immobilier.lefigaro.fr/annonces/annonce-64757456.html,QuantitativeValue,63.0,MTK,PostalAddress,Nice (06),Alpes-Maritimes,F-06200,GeoCoordinates,France,43.7,7.25,F-06200,https://lh3.googleusercontent.com/iE_eEYCD2p3byiEpSoZ7uCIDNDYGSkI9BvqtDgKvQhxjGNmC7FIQSqRrOen0HdNXIp723jS176Rnenpp2LuS5H4e8ov1AmbnmLHw=rj-w350-h264-l80,3,2,1,1,315000,5000,C,C
6591baf66aea9bf2410bf142,2023-12-31 19:03:18.197,2023-12-31 19:03:18.197,https://schema.org,SingleFamilyResidence,appartement 71M2 à Nice (06),https://immobilier.lefigaro.fr/annonces/annonce-64752042.html,QuantitativeValue,71.0,MTK,PostalAddress,Nice (06),Alpes-Maritimes,F-06300,GeoCoordinates,France,43.7,7.25,F-06300,https://lh3.googleusercontent.com/j3j6KQn4aV0rXfvVncuBwuBDu_6At7X7OgyIlcVzKg8Wpp_MDhluXCGQkZTJT9Fp-OHTORGs7Eg2CHE7yT05KJqL1D4cLrBFfU-TwA=rj-w350-h264-l80,3,2,0,1,299000,4211,D,D
6591bb046aea9bf2410bf143,2023-12-31 19:03:32.698,2023-12-31 19:03:32.698,https://schema.org,SingleFamilyResidence,appartement 45M2 à Nice (06),https://immobilier.lefigaro.fr/annonces/annonce-64752038.html,QuantitativeValue,45.0,MTK,PostalAddress,Nice (06),Alpes-Maritimes,F-06300,GeoCoordinates,France,43.7,7.25,F-06300,https://lh3.googleusercontent.com/qCXLXQ5OgOC0sajyj8eOEjBR2kw-Axd6QNilXVhyJtA9QVWgTCRbvagTVPjj-dbtO55W_UWV8NV2r52RdXYfnCrxo9nJ6yTF3EhlBw=rj-w350-h264-l80,2,1,1,0,197900,4398,D,D
6591bb096aea9bf2410bf144,2023-12-31 19:03:37.261,2023-12-31 19:03:37.261,https://schema.org,SingleFamilyResidence,appartement 50M2 à Nice (06),https://immobilier.lefigaro.fr/annonces/annonce-64752040.html,QuantitativeValue,50.0,MTK,PostalAddress,Nice (06),Alpes-Maritimes,F-06300,GeoCoordinates,France,43.7,7.25,F-06300,https://lh3.googleusercontent.com/j46ypeQAP8avb0TF9WtmPmotf3i-6f2vV8_eIh8VuOv3wSCwONAw0J_bjXLFwqSljQCVnBM2cxW7xhsJxwvSJ51eduYxj2uZa_iq=rj-w350-h264-l80,2,1,1,0,217000,4340,B,A
6591bb0e6aea9bf2410bf145,2023-12-31 19:03:42.847,2023-12-31 19:03:42.847,https://schema.org,SingleFamilyResidence,appartement 44M2 à Nice (06),https://immobilier.lefigaro.fr/annonces/annonce-64752036.html,QuantitativeValue,44.0,MTK,PostalAddress,Nice (06),Alpes-Maritimes,F-06000,GeoCoordinates,France,43.7,7.25,F-06000,https://lh3.googleusercontent.com/NVb8OpOMHJG1S17YNDbuepOLQYpMucLBPaTlGa8niDEgR_N2YQqk6m6AbrKTbzLJjqMsF5tGNVLsgo-sGlsn7gWlt8YW4OoK541u=rj-w350-h264-l80,2,1,0,1,178900,4066,C,C
6591bb166aea9bf2410bf146,2023-12-31 19:03:50.437,2023-12-31 19:03:50.437,https://schema.org,SingleFamilyResidence,appartement 50M2 à Nice (06),https://immobilier.lefigaro.fr/annonces/annonce-64752032.html,QuantitativeValue,50.0,MTK,PostalAddress,Nice (06),Alpes-Maritimes,F-06300,GeoCoordinates,France,43.7,7.25,F-06300,https://lh3.googleusercontent.com/OkSc39naMUr-7WeUnupOWbCeUFECl-lvJf-d_gu405d5qtHRsouXTXzPR6IKbj1hPmGi6vZFUkfsdjaL7hdyuEt-SnqUXetzypWUzA=rj-w350-h264-l80,2,1,1,0,174900,3498,C,A
6591bb1a6aea9bf2410bf147,2023-12-31 19:03:54.815,2023-12-31 19:03:54.815,https://schema.org,SingleFamilyResidence,appartement 80M2 à Nice (06),https://immobilier.lefigaro.fr/annonces/annonce-64752034.html,QuantitativeValue,80.0,MTK,PostalAddress,Nice (06),Alpes-Maritimes,F-06300,GeoCoordinates,France,43.7,7.25,F-06300,https://lh3.googleusercontent.com/jilJxSeUfpVXKwkhTnvGxM-pVGea4o-xl7AuPBsOfn93vvfnNApniaZ1D-EhFxhBHxp0D2SR1OepYIW-yLIVs5Ye0SVW5UYuk-4Ru08=rj-w350-h264-l80,4,3,1,0,175000,2188,C,A
6591bb1f6aea9bf2410bf148,2023-12-31 19:03:59.167,2023-12-31 19:03:59.167,https://schema.org,SingleFamilyResidence,appartement 28M2 à Nice (06),https://immobilier.lefigaro.fr/annonces/annonce-64752030.html,QuantitativeValue,28.0,MTK,PostalAddress,Nice (06),Alpes-Maritimes,F-06200,GeoCoordinates,France,43.7,7.25,F-06200,https://lh3.googleusercontent.com/1pWQJzOCbL3vWrR-PrxVXIF1Ulwc33wRGe0Dj0syK7Frz9Ey5Sw7cO-akP-8r_3dsvxgdv1KJkh-yirS8_CfXfWNpYWq97IzC3ImSw=rj-w350-h264-l80,1,0,1,0,159000,5679,D,A
6591bb216aea9bf2410bf149,2023-12-31 19:04:01.324,2023-12-31 19:04:01.324,https://schema.org,SingleFamilyResidence,appartement 92M2 à Nice (06),https://proprietes.lefigaro.fr/annonces/appartement-alpes+maritimes-provence+alpes+cote+d+azur-france/64645430/,QuantitativeValue,92.0,MTK,PostalAddress,Nice (06),Alpes-Maritimes,F-06000,GeoCoordinates,France,43.7,7.25,F-06000,https://lh3.googleusercontent.com/YZ_uQfzy8twW3z6gWGdQYpiB2bhWFYuwdCrffY_5_iaPLh-JEBMcUSgI9ohsMQQympAK0vVoHk5avG5PzNreVFQjfGszwv0qiQADzQ=rj-w350-h264-l80,0,0,0,0,0,0,F,F
6591bb2b6aea9bf2410bf14a,2023-12-31 19:04:11.372,2023-12-31 19:04:11.372,https://schema.org,SingleFamilyResidence,appartement 78M2 à Nice (06),https://immobilier.lefigaro.fr/annonces/annonce-64752028.html,QuantitativeValue,78.0,MTK,PostalAddress,Nice (06),Alpes-Maritimes,F-06300,GeoCoordinates,France,43.7,7.25,F-06300,https://lh3.googleusercontent.com/Mdffn2R5NtFAP_Lmuz2u6pZ6e78hLvHtjRoQsTeheDmFIvRmHSd_szQd2NzAARVUnFe-OlmYMtpCcJrlsCsRz-pqnu6URvZb1drh=rj-w350-h264-l80,4,3,1,1,156000,2000,A,A
6591bb2f6aea9bf2410bf14b,2023-12-31 19:04:15.865,2023-12-31 19:04:15.865,https://schema.org,SingleFamilyResidence,appartement 96M2 à Nice (06),https://immobilier.lefigaro.fr/annonces/annonce-64748320.html,QuantitativeValue,96.0,MTK,PostalAddress,Nice (06),Alpes-Maritimes,F-06200,GeoCoordinates,France,43.7,7.25,F-06200,https://lh3.googleusercontent.com/1UVh4xsPnEa-YlqClr04_p8TFCwV390bo_wPrcZvowomQlrGuMqPtrcNj4j5EHYb-CSMuNvaykbquxo6ZjIyJK9DI9yh6Gzs7Y7_=rj-w350-h264-l80,3,2,0,0,670000,6979,D,D
6591bb386aea9bf2410bf14c,2023-12-31 19:04:24.049,2023-12-31 19:04:24.049,https://schema.org,SingleFamilyResidence,appartement 62M2 à Nice (06),https://immobilier.lefigaro.fr/annonces/annonce-64748098.html,QuantitativeValue,62.0,MTK,PostalAddress,Nice (06),Alpes-Maritimes,F-06200,GeoCoordinates,France,43.7,7.25,F-06200,https://lh3.googleusercontent.com/uA7AKCd2_trMR6W_Xefee4i0wONTYKqJ-xEeSsT1fe1tTQFSBeLhrrJumZtS6lAePU2AGbY0snrRzod4aWt7zMCrdodWkO0heiWf=rj-w350-h264-l80,3,2,0,0,299900,4837,D,D
6591bb3a6aea9bf2410bf14d,2023-12-31 19:04:26.626,2023-12-31 19:04:26.626,https://schema.org,SingleFamilyResidence,appartement 160M2 à Nice (06),https://proprietes.lefigaro.fr/annonces/appartement-alpes+maritimes-provence+alpes+cote+d+azur-france/64625542/,QuantitativeValue,160.0,MTK,PostalAddress,Nice (06),Alpes-Maritimes,F-06000,GeoCoordinates,France,43.69887,7.26422,F-06000,https://lh3.googleusercontent.com/Z57kgSKUz5SMQcMCsRe9yijCvICPWPUybSJrBDNha2L5AFsMy3Oa2B8fPZqmRK7gLG_vtsz7fKQOvtBqOCuZF5-TqN5FsoAHfFHIFQ=rj-w350-h264-l80,0,0,0,0,0,0,F,F
6591bb406aea9bf2410bf14e,2023-12-31 19:04:32.206,2023-12-31 19:04:32.206,https://schema.org,SingleFamilyResidence,appartement 82M2 à Nice (06),https://immobilier.lefigaro.fr/annonces/annonce-63774212.html,QuantitativeValue,82.0,MTK,PostalAddress,Nice (06),Alpes-Maritimes,F-06100,GeoCoordinates,France,43.726833,7.2620897,F-06100,https://lh3.googleusercontent.com/oARbjxQyP2zyoTivvyOeQP5k7FapQ-wo0y9kjdSPsLKqhl1kIp3D4vtcdyXWJBepC85qirpsLzIV2suweolgCTqacoT5yK4_KHDKrVw=rj-w350-h264-l80,3,2,1,1,472000,5756,C,C
6591bb466aea9bf2410bf14f,2023-12-31 19:04:38.047,2023-12-31 19:04:38.047,https://schema.org,SingleFamilyResidence,appartement 90M2 à Nice (06),https://immobilier.lefigaro.fr/annonces/annonce-63773990.html,QuantitativeValue,90.0,MTK,PostalAddress,Nice (06),Alpes-Maritimes,F-06200,GeoCoordinates,France,43.6897,7.2161403,F-06200,https://lh3.googleusercontent.com/lJqrLjlL2hXURTnQqU3aqC1btJZhqunqNbDJMyYhMTcdnSrszT-SAqzY12lfvvMwl5J02QmATJBV9Uu-aNNM_443evWUPbMdHzDpKg=rj-w350-h264-l80,3,2,1,0,536000,5956,C,B
6591bb4c6aea9bf2410bf150,2023-12-31 19:04:44.103,2023-12-31 19:04:44.103,https://schema.org,SingleFamilyResidence,appartement 82M2 à Nice (06),https://immobilier.lefigaro.fr/annonces/annonce-60553126.html,QuantitativeValue,82.0,MTK,PostalAddress,Nice (06),Alpes-Maritimes,F-06300,GeoCoordinates,France,43.70937,7.25751,F-06300,https://lh3.googleusercontent.com/fbvDhh7MNcioVdS7b8KDTj61FmeuZ7OoF5ZhJjGCBAq0QVyPDfIHfhYDgnLATNaEuRiFwqPAmrrX1jbHTVpd0lHcFC-WH-8Y5WFYhg=rj-w350-h264-l80,3,2,0,1,975000,11890,A,A
6591bb4e6aea9bf2410bf151,2023-12-31 19:04:46.186,2023-12-31 19:04:46.186,https://schema.org,SingleFamilyResidence,appartement 48.57M2 à Nice (06),https://proprietes.lefigaro.fr/annonces/appartement-alpes+maritimes-provence+alpes+cote+d+azur-france/64596162/,QuantitativeValue,48.56999969482422,MTK,PostalAddress,Nice (06),Alpes-Maritimes,F-06100,GeoCoordinates,France,43.71912,7.2678,F-06100,https://lh3.googleusercontent.com/Kbq4bNFXo0VofeXCkausBf8x20KpxwbjA847o1D0TMN7EJA4q5AraGsn8h3bD_velq_O4RQkc_esYyFHefmeHOcol2QpXRk50Fq0=rj-w350-h264-l80,0,0,0,0,0,0,F,F
